description,price
Organized context-sensitive matrix,32.84
Re-contextualized 24/7 matrices,72.48
Organic coherent task-force,13.37
Reactive object-oriented groupware,21.41
Centralized optimizing projection,61.18
Business-focused stable product,33.72
Implemented next generation database,21.21
Digitized client-driven circuit,32.56
Quality-focused real-time hierarchy,34.98
Realigned global project,58.13
Synergized regional monitoring,84.77
Seamless even-keeled instruction set,46.68
Team-oriented full-range hub,44.79
